Customer_ID,Loan Amount
C-6692,41272.73046875
C-25987,102123.7578125
C-5051,87198.578125
C-12745,67945.9921875
C-8292,14385.51171875
C-3754,154010.796875
C-3984,90910.3203125
C-48953,21586.1328125
C-30172,21992.3515625
C-23000,14409.90625
C-14147,51017.7890625
C-15348,34930.6640625
C-28709,10571.3642578125
C-7050,23020.0078125
C-14470,7421.3544921875
C-7656,28922.40234375
C-33746,98337.1171875
C-32548,56559.3359375
C-12679,10541.8369140625
C-24115,105360.7421875
C-7252,56739.90234375
C-7384,4931.8076171875
C-24989,29911.55859375
C-32928,8798.6943359375
C-3691,21750.962890625
C-24878,19962.79296875
C-21789,50399.1796875
C-16659,23020.70703125
C-8886,60296.40625
C-45045,26200.052734375
C-38455,32621.5703125
C-19376,39507.30078125
C-7171,20829.759765625
C-33221,74293.625
C-12358,20178.3125
C-41422,23077.71875
C-5161,69332.21875
C-42940,25790.205078125
C-30405,10871.837890625
C-15024,38184.921875
C-30938,15612.2880859375
C-17715,15692.744140625
C-44216,46603.9453125
C-43407,96148.5390625
C-19049,43879.84375
C-21169,55396.31640625
C-30064,13886.578125
C-24705,41620.4921875
C-34558,95985.9453125
C-8525,51449.0859375
C-44176,15882.10546875
C-45527,18373.58984375
C-33101,49852.4765625
C-20333,61910.7265625
C-3234,34508.73828125
C-34681,8778.544921875
C-37749,15027.66015625
C-27366,20265.513671875
C-12142,42960.1796875
C-14285,47064.7421875
C-3043,81281.9609375
C-28933,23649.4296875
C-14391,17080.4453125
C-5171,88795.5078125
C-42051,10261.1845703125
C-39348,59579.83203125
C-29579,74293.1015625
C-946,38819.984375
C-3037,40132.46875
C-47057,131490.015625
C-8989,25830.94921875
C-41680,35259.02734375
C-41271,50409.05859375
C-18852,96023.09375
C-10918,19821.828125
C-48018,43739.59765625
C-22681,61077.41015625
C-35914,76933.8359375
C-18648,107539.5078125
C-49531,56794.6015625
C-13925,58800.1171875
C-30823,89695.2890625
C-49367,111040.6875
C-40211,72679.3671875
C-44380,40328.6171875
C-12954,24230.734375
C-7743,44558.19140625
C-8851,56392.40234375
C-38331,102478.3828125
C-8081,33478.8359375
C-33982,19659.24609375
C-27737,51918.65625
C-29442,92432.7890625
C-26011,36603.609375
C-25819,71455.0859375
C-45949,15918.1943359375
C-18022,128543.3125
C-1697,14438.353515625
C-30378,24853.974609375
C-24546,19734.26171875
C-30531,39575.578125
C-27851,79223.1015625
C-8652,37698.390625
C-17527,47548.7578125
C-41125,47438.6328125
C-16783,15179.306640625
C-32251,60310.8671875
C-24008,41499.6328125
C-8128,66813.3515625
C-1254,43856.7578125
C-17808,89628.2109375
C-48439,24069.30859375
C-38876,14453.7666015625
C-24861,19278.986328125
C-27404,101335.65625
C-33515,70829.1953125
C-23782,14834.3955078125
C-43856,50640.453125
C-45854,55130.0234375
C-45677,77910.1484375
C-3944,100433.203125
C-27783,11881.8603515625
C-19145,34293.203125
C-34701,89279.0078125
C-569,25288.71875
C-5878,25294.626953125
C-41765,72914.7890625
C-44284,21301.857421875
C-43898,63121.93359375
C-31464,18383.20703125
C-41822,12700.2685546875
C-31947,41871.2734375
C-6311,10499.56640625
C-37016,20766.4765625
C-2916,34408.55078125
C-13034,19164.3203125
C-1713,8118.59521484375
C-4123,64157.33203125
C-4867,49677.4609375
C-22875,37384.78125
C-20115,23329.255859375
C-22402,85257.546875
C-3321,24623.369140625
C-23714,62089.0703125
C-9776,25492.80859375
C-8086,41396.49609375
C-35364,22387.4140625
C-39702,25147.84765625
C-6022,45383.24609375
C-45230,21177.84765625
C-28386,37199.27734375
C-37344,21728.2265625
C-25325,89293.0546875
C-38927,35490.8359375
C-28281,11294.630859375
C-21572,5216.7548828125
C-41170,35626.53515625
C-28195,34879.296875
C-2868,20372.51171875
C-16539,44357.1171875
C-17036,40611.14453125
C-37437,94291.9140625
C-19310,36376.69921875
C-19326,72501.6484375
C-8200,93519.4765625
C-34280,19209.7421875
C-31965,94023.046875
C-25959,44603.0859375
C-46673,91426.0390625
C-9043,23485.982421875
C-19407,19995.029296875
C-3613,79988.5859375
C-17772,75638.71875
C-24336,62843.109375
C-17509,44126.03125
C-12576,42963.6875
C-23086,29276.09765625
C-31357,21123.66015625
C-5674,52252.00390625
C-41823,58290.9453125
C-13289,12402.0703125
C-13298,15635.171875
C-39520,160938.734375
C-32863,49104.7890625
C-28175,68335.40625
C-41872,75677.625
C-44335,11572.8740234375
C-11686,17595.640625
C-16265,25721.34375
C-9036,37971.8828125
C-41112,103950.7109375
C-39736,61445.4140625
C-7459,54779.34375
C-6727,16486.798828125
C-7461,20300.775390625
C-46020,41080.32421875
C-28050,102765.515625
C-2893,86227.46875
C-38091,49586.7578125
C-33026,33016.09375
C-12227,90305.6875
C-18361,11305.94921875
C-13878,68510.171875
C-47308,19393.9921875
C-22367,86823.8828125
C-7629,76692.453125
C-46653,32086.46875
C-6306,127302.921875
C-5283,24243.953125
C-46919,66387.0390625
C-4715,164334.046875
C-39763,51709.75390625
C-19157,45993.4765625
C-21999,120235.4765625
C-35516,60880.63671875
C-32685,42589.8359375
C-5844,48456.27734375
C-30808,18073.56640625
C-32040,26665.4453125
C-30002,63296.125
C-46299,17392.29296875
C-37998,44713.03125
C-1818,6218.951171875
C-176,70437.2890625
C-4656,68515.6484375
C-13006,125694.8671875
C-42033,33143.2109375
C-11361,60784.5546875
C-12849,109141.578125
C-19021,50394.2578125
C-24318,33594.83203125
C-37132,41490.58203125
C-35293,22947.994140625
C-1049,42279.5546875
C-18893,45185.265625
C-45301,23433.6484375
C-35503,64372.8984375
C-49931,19854.861328125
C-9920,13679.8125
C-15279,125686.5703125
C-46754,7380.5146484375
C-14687,35756.2890625
C-26017,14663.265625
C-25428,109888.9453125
C-41783,38644.74609375
C-40785,35118.61328125
C-32625,48153.44140625
C-25749,66313.5
C-2884,123399.4296875
C-13568,59251.30859375
C-13831,93369.6796875
C-2154,35155.1015625
C-41093,40833.78515625
C-12869,91199.359375
C-14741,69170.3046875
C-2750,21100.79296875
C-48305,22333.880859375
C-27329,36243.64453125
C-4154,156160.859375
C-28582,39677.4921875
C-49719,18520.37890625
C-4707,38272.17578125
C-17745,13487.7626953125
C-1238,38314.3203125
C-48184,58426.3046875
C-17063,38801.38671875
C-39728,82371.84375
C-36014,55222.70703125
C-13922,15154.978515625
C-3820,70683.1484375
C-11303,27887.79296875
C-46268,63174.27734375
C-30032,28108.501953125
C-42590,17993.208984375
C-7436,49585.34375
C-47049,54846.1484375
C-22287,34419.5546875
C-27269,38243.1796875
C-19467,21912.455078125
C-29739,10830.0
C-44618,10495.4404296875
C-30019,35187.08203125
C-42491,81557.734375
C-49524,8070.72021484375
C-23736,81655.9609375
C-20770,97900.9453125
C-29554,24219.203125
C-44460,30455.578125
C-15804,50382.33984375
C-21916,47355.6171875
C-25190,189038.1875
C-47926,23680.5
C-36498,83715.8671875
C-39426,42920.703125
C-15427,113860.7421875
C-35176,32830.6640625
C-27248,38638.4921875
C-42241,85182.0078125
C-18231,21112.765625
C-17956,134738.890625
C-7430,61533.93359375
C-36929,67401.796875
C-28692,9813.1650390625
C-18333,37973.1640625
C-3483,15881.1689453125
C-4780,37031.9375
C-27153,40096.28125
C-33493,14953.7890625
C-15181,76904.71875
C-4647,79615.9765625
C-11152,57963.89453125
C-4631,80778.2265625
C-34429,91030.2578125
C-16377,111020.7109375
C-2973,39612.53125
C-39888,8662.806640625
C-41868,47077.14453125
C-22969,24311.0625
C-25796,37103.5234375
C-14377,69632.3828125
C-21970,63588.1171875
C-4673,24054.544921875
C-36600,22322.5625
C-42842,14975.3857421875
C-19001,12125.5576171875
C-29325,160691.328125
C-29986,17056.8515625
C-40678,68768.140625
C-35335,19553.13671875
C-29283,19996.4453125
C-16184,59326.4453125
C-11719,126664.0546875
C-21441,99546.7109375
C-21949,36717.921875
C-40400,24956.166015625
C-19891,48506.265625
C-42650,10691.056640625
C-45490,10766.96875
C-21808,33835.03125
C-9276,24542.7734375
C-33372,89896.15625
C-26813,47235.15625
C-25851,20141.484375
C-22247,22226.646484375
C-15483,118048.015625
C-3333,63131.78125
C-29355,20246.32421875
C-33202,18933.40625
C-21209,27078.220703125
C-40253,18826.134765625
C-19665,43808.1875
C-26387,15338.0087890625
C-23771,28097.9375
C-12714,12156.2587890625
C-2574,57949.6328125
C-19429,118015.765625
C-30105,12207.04296875
C-33005,41583.84375
C-19749,66972.9921875
C-1460,9938.1552734375
C-44067,37629.796875
C-25777,39700.95703125
C-35023,69612.796875
C-912,27357.73046875
C-5999,22628.62890625
C-20570,21746.14453125
C-18139,70926.4609375
C-3817,15330.3515625
C-27109,17684.564453125
C-27588,22529.69140625
C-17955,106245.578125
C-30406,65526.0625
C-36615,11931.751953125
C-28595,38118.578125
C-35785,24664.3828125
C-35482,92164.1171875
C-25739,61429.21875
C-20300,58343.9453125
C-49791,117700.1875
C-7158,94891.9921875
C-5782,17141.12109375
C-29057,36188.5859375
C-6891,18192.53125
C-47572,95665.5078125
C-43373,36768.53515625
C-28182,40045.55078125
C-18625,29951.11328125
C-19846,82578.7265625
C-3274,75450.109375
C-12515,26694.412109375
C-25897,49007.2890625
C-13069,70634.296875
C-38477,34150.3203125
C-43790,23843.115234375
C-33865,114152.953125
C-471,9482.2548828125
C-15387,17844.322265625
C-40290,14671.689453125
C-23742,101327.90625
C-17443,91618.6640625
C-24395,82145.7890625
C-35041,71831.1640625
C-14024,19930.169921875
C-18786,120944.546875
C-34300,72038.8515625
C-25113,15567.009765625
C-10732,92169.7421875
C-1199,20899.931640625
C-48489,19139.708984375
C-8874,5537.70947265625
C-25900,65214.75
C-45342,11160.185546875
C-21097,64144.015625
C-26274,151219.96875
C-11364,36579.58984375
C-3884,115378.46875
C-41101,92892.4609375
C-44935,162937.640625
C-33143,49498.0
C-25353,21780.984375
C-35392,42974.17578125
C-30553,76668.6015625
C-18760,37562.37109375
C-25814,48108.7734375
C-14949,43862.890625
C-1443,160057.703125
C-34569,31472.953125
C-40045,34017.9609375
C-35006,15296.6689453125
C-11970,22040.533203125
C-7220,98383.390625
C-34434,30123.939453125
C-40000,50781.78125
C-26449,40747.33984375
C-16498,17629.6484375
C-38256,61445.09765625
C-19879,56636.3671875
C-34834,55201.234375
C-29495,42909.53515625
C-30793,90822.3125
C-48377,50534.19921875
C-6215,42828.4765625
C-46669,21349.802734375
C-15907,34498.1953125
C-40235,54783.296875
C-31700,47979.875
C-17336,60392.0390625
C-49173,43605.9765625
C-27522,101636.578125
C-45002,6906.6572265625
C-16884,45702.734375
C-49775,60663.7890625
C-34758,31487.353515625
C-39751,145828.796875
C-15146,164728.046875
C-19336,21922.986328125
C-23385,44344.93359375
C-11138,22629.0234375
C-14189,40495.10546875
C-47107,69971.765625
C-11966,60665.2265625
C-8031,14506.4775390625
C-22862,82674.515625
C-5486,47014.38671875
C-36786,32924.16796875
C-3238,63772.0546875
C-2457,86170.4609375
C-9115,13589.8544921875
C-15830,160583.859375
C-48276,42595.4765625
C-13593,19014.5859375
C-14489,50371.5546875
C-34234,111757.7265625
C-30946,70736.8671875
C-7040,80186.0078125
C-23930,89045.9375
C-47652,12916.123046875
C-37200,48699.5625
C-10034,24911.0546875
C-21855,48116.875
C-45484,45919.6640625
C-45710,64998.41015625
C-17159,44304.30859375
C-4480,13445.1025390625
C-27374,27113.388671875
C-18259,113198.0859375
C-29519,98728.84375
C-41195,22837.041015625
C-26406,37956.609375
C-34725,88982.4765625
C-37699,32667.251953125
C-35291,30150.19140625
C-27963,40856.52734375
C-12624,28398.7109375
C-26181,13999.3115234375
C-13323,55117.9140625
C-34930,60878.39453125
C-49656,93594.6328125
C-23430,79603.9921875
C-49918,15902.609375
C-21299,48264.07421875
C-44101,13560.228515625
C-31540,174453.359375
C-42399,13021.5859375
C-38895,23060.97265625
C-13350,67380.671875
C-8528,121106.203125
C-39989,35749.078125
C-29261,48422.140625
C-35578,23050.150390625
C-8233,22839.7734375
C-35092,43098.5859375
C-17693,68490.625
C-30270,65894.5859375
C-30675,38781.265625
C-21326,27739.01953125
C-3952,64588.359375
C-2650,60388.96875
C-36757,21241.962890625
C-15844,105876.6953125
C-16573,37834.47265625
C-23531,26990.037109375
C-22584,12413.201171875
C-44624,73667.1171875
C-38679,22255.82421875
C-11242,33991.53515625
C-39071,40539.7578125
C-12544,59607.953125
C-43899,20503.3828125
C-36026,31834.9453125
C-16541,57473.625
C-637,18168.14453125
C-43780,52717.734375
C-43129,29627.576171875
C-20088,141103.46875
C-2777,141389.546875
C-10963,10819.9111328125
C-34309,35507.09375
C-39061,25960.669921875
C-46817,194331.578125
C-46795,54542.5546875
C-14125,63444.484375
C-21277,144610.890625
C-7444,17836.595703125
C-26590,133447.71875
C-38220,57530.48046875
C-42135,110703.2109375
C-24978,19842.21875
C-30642,18399.052734375
C-34465,41487.15625
C-46845,37704.7578125
C-36639,47878.7578125
C-22113,14386.666015625
C-20939,28062.640625
C-42251,21168.15625
C-35299,93568.3046875
C-9947,81836.2109375
C-35551,38915.171875
C-10452,124283.5390625
C-49241,55041.05859375
C-33942,44313.40625
C-4377,50855.7734375
C-46533,29981.755859375
C-1792,14165.87890625
C-4693,73518.9609375
C-5677,16759.396484375
C-43884,58428.6484375
C-47686,85548.2890625
C-38737,46916.71875
C-49286,20244.13671875
C-49464,23451.681640625
C-29179,135976.375
C-28657,66652.3984375
C-28283,28624.021484375
C-12077,40020.1015625
C-33166,31788.275390625
C-42571,38089.0546875
C-38730,14859.71875
C-14190,105904.2890625
C-26574,73085.0703125
C-48912,16011.39453125
C-44692,23360.4453125
C-25692,75122.34375
C-21967,41762.296875
C-47966,83281.2578125
C-38648,75840.4921875
C-38959,76842.1953125
C-32146,15016.1875
C-9773,51249.734375
C-27146,30289.654296875
C-43140,104428.359375
C-32074,136568.046875
C-37356,55948.015625
C-12335,21163.263671875
C-9748,39216.6484375
C-2630,30804.498046875
C-2177,17928.90234375
C-17321,120028.109375
C-34642,4727.01953125
C-19006,64882.50390625
C-31999,49243.375
C-14604,22401.90234375
C-20068,114987.984375
C-43741,77198.2109375
C-41634,31179.9921875
C-2053,42708.0703125
C-25251,44327.85546875
C-3941,20200.115234375
C-16957,21806.6796875
C-45468,48840.11328125
C-22597,133790.0625
C-32972,15319.68359375
C-14699,58294.4765625
C-672,24456.9765625
C-46049,61765.984375
C-140,127835.8203125
C-27232,17526.97265625
C-47586,55455.2265625
C-17135,30828.8046875
C-3006,30269.021484375
C-31766,44118.33984375
C-21456,22432.732421875
C-30643,94902.1328125
C-6640,33706.796875
C-41269,21431.056640625
C-10983,31681.17578125
C-28169,36225.5
C-14780,15126.734375
C-23998,32368.20703125
C-32785,76983.1484375
C-49068,26581.6640625
C-33004,41160.81640625
C-41137,21447.7421875
C-30447,43903.17578125
C-34959,34602.546875
C-8756,22174.138671875
C-39534,19753.353515625
C-41586,76944.6328125
C-45174,71977.0703125
C-10150,43335.89453125
C-31454,112218.3203125
C-1032,14676.951171875
C-30683,51036.55859375
C-47268,48255.04296875
C-3174,69923.4609375
C-35338,218810.328125
C-28163,103169.6328125
C-22365,43966.15625
C-48304,20591.640625
C-5515,19776.9765625
C-803,53421.5546875
C-36248,58268.23828125
C-8258,34976.37890625
C-44878,19575.30859375
C-3201,68141.5390625
C-27062,40432.90625
C-24367,20786.06640625
C-45908,36096.046875
C-33914,16421.5859375
C-41486,44093.7109375
C-49961,131944.203125
C-21413,89089.75
C-25357,15061.4140625
C-32829,37231.390625
C-11369,31241.40625
C-16651,46054.234375
C-34230,19552.619140625
C-5561,21478.6796875
C-43405,13088.2705078125
C-890,49320.015625
C-7667,26504.7578125
C-39003,22361.634765625
C-6111,173462.203125
C-45378,18648.09765625
C-22368,53858.01171875
C-24513,58322.37890625
C-29268,33137.91015625
C-25143,117699.4921875
C-47851,21441.962890625
C-4938,18504.666015625
C-45037,22604.13671875
C-4424,27665.58984375
C-41533,101827.1328125
C-41810,99248.609375
C-15787,21675.90625
C-46687,26193.359375
C-24409,86451.2265625
C-31823,54171.1015625
C-25354,56204.4140625
C-37878,69568.5
C-34400,54357.95703125
C-35435,18864.04296875
C-49809,23000.080078125
C-5725,21246.982421875
C-32999,21048.427734375
C-42629,59187.54296875
C-43109,33929.3984375
C-37902,50798.2265625
C-23116,21604.794921875
C-5801,27846.95703125
C-21124,51357.28515625
C-161,87589.984375
C-48945,12474.265625
C-34978,22042.0078125
C-9952,112692.0703125
C-31935,80594.3359375
C-18537,24898.6953125
C-36802,183265.03125
C-205,80347.6484375
C-20408,24759.45703125
C-30656,21311.6328125
C-24105,20456.888671875
C-1866,224043.421875
C-24169,60804.70703125
C-46557,23284.3671875
C-15591,37008.8984375
C-12276,37047.453125
C-23820,13113.0869140625
C-47040,38249.98828125
C-31701,42982.796875
C-30431,16675.798828125
C-49181,67245.4140625
C-37338,17299.9609375
C-24335,86248.1640625
C-34074,124427.40625
C-8025,23272.60546875
C-15287,71454.2265625
C-12842,19537.796875
C-9764,28591.6171875
C-33106,37819.0390625
C-42973,17022.494140625
C-19652,141237.515625
C-42262,104415.21875
C-15964,20505.162109375
C-6258,40973.74609375
C-42312,60532.0234375
C-1309,25216.587890625
C-17139,60834.12890625
C-13343,38911.01953125
C-43947,153146.234375
C-41893,69575.7109375
C-42759,59646.890625
C-42440,25175.9921875
C-24003,87875.8359375
C-30967,17756.4765625
C-44007,153475.609375
C-453,42105.48828125
C-45248,23488.083984375
C-6067,16571.5703125
C-30442,68270.140625
C-47016,63618.0
C-25133,133406.921875
C-12835,77463.0
C-2833,50423.37109375
C-288,13835.0859375
C-23438,191789.28125
C-29312,56889.6484375
C-19946,78215.6640625
C-18808,92163.1015625
C-38956,36468.3125
C-12843,39644.3359375
C-6996,70244.2890625
C-39215,18746.19140625
C-30107,76307.0625
C-1573,33319.1328125
C-8410,21103.158203125
C-6851,20358.740234375
C-45514,15359.74609375
C-25418,28845.302734375
C-9408,32321.763671875
C-28491,75390.0078125
C-25688,35796.859375
C-38458,24338.365234375
C-19433,34158.44140625
C-28752,53540.53125
C-28695,31383.44140625
C-49483,12986.4814453125
C-8492,94123.640625
C-1911,33503.90234375
C-8890,60154.140625
C-20697,38886.5390625
C-39555,12111.2958984375
C-48429,59342.53515625
C-27750,39307.29296875
C-21926,53102.24609375
C-1120,84039.796875
C-19244,26512.47265625
C-25762,42209.9765625
C-49965,40893.57421875
C-15062,11512.3916015625
C-27951,21489.72265625
C-28250,63435.83203125
C-33032,11889.876953125
C-11379,8959.9931640625
C-27667,37113.6328125
C-21724,22469.796875
C-24671,29513.43359375
C-16249,18073.083984375
C-22832,33080.0546875
C-16305,20368.82421875
C-40360,9603.986328125
C-26003,15731.75
C-3631,15835.37109375
C-11435,16981.798828125
C-78,18959.376953125
C-27787,56533.921875
C-28763,73245.1640625
C-30873,46766.9140625
C-41447,54296.953125
C-24138,47381.6015625
C-299,11163.3740234375
C-30869,22019.26953125
C-10199,26230.4609375
C-11111,48745.14453125
C-210,12196.83203125
C-10676,55138.546875
C-21539,21245.318359375
C-24344,20462.349609375
C-1640,43409.3984375
C-48589,118759.7421875
C-40962,32439.095703125
C-5644,44895.265625
C-31244,58487.16015625
C-18671,179048.59375
C-20777,81661.6640625
C-25619,16221.7607421875
C-43706,26509.62890625
C-13117,45033.421875
C-410,73299.71875
C-15404,20891.77734375
C-21359,32770.19140625
C-8134,66057.5703125
C-37123,50095.41015625
C-40361,48523.8125
C-25305,76338.296875
C-19855,16707.98046875
C-31366,41711.3359375
C-49325,38474.01953125
C-16697,71231.5859375
C-13053,38284.65625
C-22184,28134.69921875
C-46101,20784.123046875
C-30278,110983.8203125
C-19502,20633.3125
C-4256,12890.4873046875
C-17018,37724.640625
C-3144,15771.37890625
C-38025,24999.703125
C-35098,23990.0625
C-9794,14727.869140625
C-19202,70932.96875
C-9129,42947.5078125
C-5460,43603.75
C-11167,36799.3203125
C-41713,34187.2109375
C-47386,27524.201171875
C-12087,12287.4931640625
C-28669,81238.9921875
C-8458,37733.5859375
C-7760,18274.849609375
C-11553,106591.109375
C-7806,10724.1123046875
C-28577,74451.46875
C-38142,30955.58984375
C-4850,68696.2578125
C-27369,23742.19140625
C-31299,19924.474609375
C-25532,75471.3984375
C-8750,82892.9453125
C-22510,87502.2421875
C-43287,54982.77734375
C-31770,55290.4765625
C-23076,122735.5
C-37092,24234.6171875
C-25169,21100.369140625
C-19765,14054.4453125
C-21385,21407.64453125
C-8531,98041.5390625
C-14111,67703.8984375
C-38592,90373.4921875
C-59,53240.21875
C-1058,34299.7109375
C-2663,70173.5390625
C-4629,98183.7890625
C-11986,74525.3671875
C-7705,86361.3515625
C-32072,21010.00390625
C-15618,17345.931640625
C-7850,37674.46875
C-45565,58201.1640625
C-48736,41216.0703125
C-22094,102810.7578125
C-16824,25072.88671875
C-42756,26022.390625
C-8148,118242.03125
C-46366,45718.390625
C-17049,103353.0546875
C-26975,42066.9921875
C-15557,29097.0546875
C-48850,80253.6796875
C-20135,75792.09375
C-18546,43013.56640625
C-7721,24418.21875
C-40679,88475.0859375
C-23148,74577.5078125
C-39305,207712.578125
C-40380,14972.845703125
C-33666,26215.189453125
C-31101,69918.7265625
C-42191,23062.921875
C-6224,13202.921875
C-38338,20152.11328125
C-15187,26514.1875
C-37107,54864.3359375
C-9365,8148.248046875
C-4799,18056.326171875
C-20040,64575.5390625
C-2533,63605.96875
C-28511,30229.4765625
C-32383,17608.046875
C-9611,18674.998046875
C-48199,39230.796875
C-23637,125152.5546875
C-20080,69187.46875
C-10376,33220.30859375
C-44450,43505.19921875
C-37976,72860.359375
C-48061,20002.361328125
C-43074,81596.8828125
C-38148,62288.390625
C-17455,14653.4853515625
C-641,68786.6328125
C-14173,29824.0234375
C-9056,15758.40625
C-44025,45562.1328125
C-10781,44643.6953125
C-780,132798.09375
C-6374,14837.45703125
C-7651,74946.75
C-43510,54714.515625
C-39469,88093.7109375
C-2037,19969.05859375
C-21754,51128.39453125
C-18926,70735.3359375
C-40782,22012.73828125
C-24420,23073.53125
C-45745,14088.6640625
C-24770,123759.5390625
C-20773,68003.9296875
C-19601,15724.4150390625
C-26022,34637.421875
C-41623,30972.7734375
C-4539,25243.771484375
C-22580,34171.828125
C-4471,82072.6015625
C-41797,19052.359375
C-33346,39103.6171875
C-45997,17335.87109375
C-12696,22811.541015625
C-10009,14439.59765625
C-40224,29860.375
C-38099,87282.921875
C-8541,72022.9296875
C-33399,70634.5546875
C-33823,35426.390625
C-40168,77971.8046875
C-29151,91800.453125
C-31319,72117.6015625
C-1495,33580.8203125
C-6213,17055.20703125
C-22429,72061.8046875
C-18053,34223.53125
C-9279,91969.875
C-48302,14156.9365234375
C-70,14280.4619140625
C-41230,107282.828125
C-2453,96192.7578125
C-12749,15944.1376953125
C-43288,118843.0546875
C-40472,8553.259765625
C-45871,18818.90234375
C-44739,9602.8212890625
C-49821,200183.75
C-31867,107363.6015625
C-44889,41645.04296875
C-610,46829.54296875
C-44944,43570.5703125
C-25508,42703.32421875
C-21395,22127.50390625
C-14350,79457.9921875
C-578,27390.609375
C-31660,64325.3828125
C-10816,31177.248046875
C-35663,42429.2578125
C-43857,11346.5537109375
C-41768,13107.4453125
C-5132,22238.328125
C-15020,33265.20703125
C-9227,46266.70703125
C-23073,47956.10546875
C-25483,22301.48046875
C-31057,47208.9296875
C-49107,30263.283203125
C-31724,77018.2421875
C-13638,60930.3515625
C-16213,60345.609375
C-1195,36246.890625
C-18357,28129.6328125
C-25270,37496.91015625
C-29778,43541.5
C-14142,107996.3203125
C-3479,17014.1796875
C-26219,96924.5390625
C-43226,11063.951171875
C-36575,49626.1953125
C-3604,18422.2890625
C-38376,58637.39453125
C-40375,58519.140625
C-18010,63223.6796875
C-22037,79089.46875
C-3721,17374.962890625
C-38283,61308.609375
C-26875,10623.419921875
C-6200,22757.451171875
C-17661,134233.0625
C-27431,22101.30859375
C-45155,33726.6328125
C-7716,29848.796875
C-7975,26368.634765625
C-19777,53759.7109375
C-35064,17793.390625
C-18128,57943.21875
C-33089,45581.359375
C-23879,88435.5390625
C-33864,122463.5546875
C-5021,31073.64453125
C-12343,40316.140625
C-12251,34966.48046875
C-49393,52839.66796875
C-1957,45551.48046875
C-1008,56182.5546875
C-8404,46097.45703125
C-13570,58019.80859375
C-39,35708.88671875
C-38753,98388.3203125
C-26548,17718.9140625
C-49777,35875.765625
C-18162,33947.40625
C-155,15130.87109375
C-19182,37262.68359375
C-20026,114520.109375
C-5102,20869.453125
C-28817,50082.9140625
C-27961,72184.0546875
C-22426,90166.3828125
C-28308,60644.3828125
C-6042,54041.01953125
C-19764,24989.501953125
C-47219,63543.46484375
C-365,86960.734375
C-15920,10847.818359375
C-31009,11592.1171875
C-7562,19227.841796875
C-19901,27876.73828125
C-26115,66622.7265625
C-18858,64298.22265625
C-2114,41044.0546875
C-12802,22959.755859375
C-39995,19238.408203125
C-46162,28312.265625
C-17728,23513.49609375
C-27177,48736.8671875
C-30825,14588.509765625
C-2927,39539.26171875
C-45625,51194.3984375
C-9812,61386.703125
C-42814,57666.15234375
C-16131,16845.08984375
C-9916,33937.46484375
C-25103,16848.82421875
C-14184,39047.78125
C-38176,62986.93359375
C-43269,49981.28125
C-22957,78505.7109375
C-42671,60794.37109375
C-7482,81356.7734375
C-42431,118562.6875
C-17743,187923.484375
C-34548,56430.703125
C-1799,99238.9609375
C-22226,23159.666015625
C-28812,18098.35546875
C-11754,49665.30859375
C-26719,24290.611328125
C-375,46202.51171875
C-8527,62614.859375
C-8022,16376.54296875
C-11828,19725.15625
C-47297,86400.0546875
C-27346,69562.5234375
C-13246,21931.7890625
C-9868,103181.9921875
C-36676,45091.59765625
C-90,93668.4609375
C-24148,76004.0546875
C-7854,31465.025390625
C-27633,64466.1875
C-13283,18904.208984375
C-18686,113531.9453125
C-33542,21656.1484375
C-40634,28017.1015625
C-8323,40114.359375
C-6480,35415.3671875
C-3546,127625.96875
C-37305,140870.171875
C-34888,25409.19140625
C-49836,16884.142578125
C-41898,122354.6015625
C-10438,19276.0078125
C-35314,25988.365234375
C-37639,74399.6875
C-33437,25050.498046875
C-17048,14511.474609375
C-43901,78040.265625
C-47228,12499.849609375
C-36397,43164.234375
C-39722,33426.890625
C-22954,14445.2890625
C-40474,65301.2265625
C-42851,13846.5859375
C-18059,92218.0390625
C-16571,108944.1953125
C-29934,99733.4765625
C-7154,80642.6171875
C-44940,43059.2890625
C-6516,71614.765625
C-35096,92213.71875
C-29135,78770.4296875
C-34941,52746.203125
C-22640,62428.6328125
C-20383,108651.3515625
C-40836,28214.4296875
C-48083,53973.23828125
C-46327,173630.4375
C-18209,25593.685546875
C-47943,134552.015625
C-18497,102363.8671875
C-37155,107160.984375
C-38672,69959.75
C-23918,69214.0625
C-14222,72005.1640625
C-6937,66600.34375
C-41403,105956.2421875
C-16798,41203.46875
C-23575,20608.55078125
C-16739,89526.3125
C-46046,22312.6640625
C-33631,41538.0859375
C-37938,76651.4140625
C-28689,81158.3046875
C-31301,20887.2421875
C-5618,68914.296875
C-31054,82322.84375
C-8180,16731.638671875
C-29378,69282.90625
C-32002,41425.89453125
C-32080,40097.4375
C-32561,15156.953125
C-35825,21775.54296875
C-28056,21016.91796875
C-3927,88954.1796875
C-46184,65077.9453125
C-31862,57533.8515625
C-27552,35728.859375
C-28882,60441.234375
C-48750,40897.765625
C-42045,32466.78515625
C-14081,24641.373046875
C-17547,54764.99609375
C-17107,20328.099609375
C-1831,73506.3515625
C-24263,34804.34375
C-32979,31004.9296875
C-1236,36625.96484375
C-36469,50706.2265625
C-10252,16458.546875
C-9985,48346.2578125
C-40443,24060.5390625
C-36255,128951.0546875
C-31326,44364.4140625
C-46495,106658.8671875
C-15605,54481.05078125
C-518,50756.875
C-37901,45755.22265625
C-21697,34502.99609375
C-19543,28316.94140625
C-7895,36049.8203125
C-20633,9712.5615234375
C-44000,16167.669921875
C-37035,41585.62109375
C-42690,53310.31640625
C-27983,133599.984375
C-26270,87031.171875
C-2892,12121.794921875
C-40610,37166.75
C-41080,36275.1484375
C-43607,25846.09375
C-19179,11792.287109375
C-16698,39936.3046875
C-18792,19253.703125
C-6638,34298.9140625
C-48950,17569.787109375
C-25334,16576.15625
C-5332,18565.15234375
C-31302,14561.259765625
C-12606,23229.890625
C-18846,88110.3984375
C-37148,18696.53515625
C-1039,28041.08203125
C-19688,77722.4375
C-29389,26933.376953125
C-14194,61972.41796875
C-42878,39239.51171875
C-38556,39948.3828125
C-37716,8083.34375
C-12725,43519.55078125
C-4294,66617.78125
C-48582,24060.025390625
C-10167,89161.765625
C-16505,26555.96484375
C-29707,46686.6796875
C-32081,68307.90625
C-17151,20473.82421875
C-7310,111255.5703125
C-27497,48051.578125
C-24675,62000.46875
C-2220,89983.09375
C-28460,51858.78125
C-33871,40345.85546875
C-36932,32569.45703125
C-21027,22320.51953125
C-24079,23786.892578125
C-19679,98362.6640625
C-1756,21327.294921875
C-21012,28699.59375
C-49355,20745.31640625
C-11739,21024.107421875
C-19319,24487.74609375
C-49692,69732.0546875
C-49785,21661.75
C-33164,42201.55859375
C-37681,59636.62109375
C-23555,65416.0078125
C-21984,108795.515625
C-24092,86647.8359375
C-6471,27973.07421875
C-24390,37558.15625
C-35416,75354.015625
C-36542,22391.115234375
C-12406,94143.5703125
C-2834,75717.8359375
C-3697,40945.2265625
C-7851,6705.4638671875
C-22634,17629.4375
C-43086,28166.591796875
C-33962,99171.84375
C-1279,82904.3203125
C-32535,39056.9140625
C-29561,72625.859375
C-36610,26829.25390625
C-39727,53804.859375
C-10474,15786.0107421875
C-2379,19197.248046875
C-35644,34403.61328125
C-37583,61888.2421875
C-47450,23899.19921875
C-2147,106217.8828125
C-12235,40290.7421875
C-47645,26985.4453125
C-31467,81541.0625
C-10742,10242.3642578125
C-14518,30975.712890625
C-35017,26564.4765625
C-37064,27793.39453125
C-49183,58072.90625
C-3084,38998.078125
C-3206,26006.8125
C-23071,11721.2509765625
C-42301,25808.873046875
C-48214,24374.3359375
C-34737,19085.11328125
C-34691,9010.5419921875
C-10783,122636.3359375
C-46343,15364.7392578125
C-36645,88901.6328125
C-35535,48841.5234375
C-42247,13996.580078125
C-28655,20391.68359375
C-23075,21456.685546875
C-26932,20798.533203125
C-23009,163898.34375
C-9063,130963.8828125
C-7373,85777.0234375
C-11626,44185.34375
C-32500,63012.6796875
C-42448,20658.173828125
C-13376,98163.9921875
C-43812,27305.6796875
C-20910,57866.98046875
C-42556,80865.2265625
C-13064,24481.64453125
C-7211,60217.69140625
C-16359,12894.099609375
C-40193,10299.369140625
C-9953,71752.7890625
C-41575,40422.88671875
C-37503,139593.078125
C-25479,18259.1171875
C-11555,42327.40234375
C-9258,46462.9140625
C-4189,125676.2109375
C-45246,53473.9609375
C-38644,53434.2109375
C-28232,117770.203125
C-41780,43691.078125
C-47866,82609.1640625
C-44203,41906.9453125
C-21228,17558.046875
C-17108,25421.94140625
C-41812,21037.984375
C-46757,58462.2421875
C-29682,126226.8828125
C-1610,21839.328125
C-32576,88010.5
C-31804,123510.8359375
C-37021,33224.5078125
C-44567,37377.3046875
C-44415,16002.2646484375
C-3385,30623.296875
C-35668,54185.765625
C-43028,8550.45703125
C-4510,39642.45703125
C-33144,16834.015625
C-31128,46027.640625
C-38820,78748.7578125
C-7512,120456.140625
C-16779,37501.6796875
C-12718,11753.658203125
C-12250,40103.875
C-41006,23532.5546875
C-48111,82486.046875
C-46783,55264.1796875
C-4725,40443.75
C-2407,42217.9609375
C-18155,25345.515625
C-47010,28907.8046875
C-49468,17281.177734375
C-21882,21166.88671875
C-31839,18853.83984375
C-28706,66026.5390625
C-20480,54550.69140625
C-27539,27834.138671875
C-39329,21031.333984375
C-4782,39182.66796875
C-26431,54935.4140625
C-9302,18017.720703125
C-46426,37126.72265625
C-24596,51454.3203125
C-13972,68760.609375
C-46747,40287.0
C-42428,23067.88671875
C-9774,56559.6015625
C-13973,34789.4921875
C-16203,21718.7890625
C-46161,65232.4453125
C-20014,17593.3046875
C-23580,32365.3984375
C-34998,74515.1640625
C-19419,37400.43359375
C-2161,30113.453125
C-1677,122800.1796875
C-31998,121455.8203125
C-10651,40075.6015625
C-17506,32596.46484375
C-48341,35422.0390625
C-31047,24195.53515625
C-49941,27633.771484375
C-6869,18721.341796875
C-11933,22346.392578125
C-42078,67832.9921875
C-34962,44429.44921875
C-40936,77635.921875
C-22574,24619.55078125
C-34546,122928.3671875
C-20806,82638.1640625
C-11758,22985.33984375
C-5864,38799.14453125
C-46486,77895.9296875
C-41685,18160.0625
C-49987,42789.39453125
C-4891,37409.49609375
C-1062,42679.7109375
C-11706,36884.61328125
C-23011,51017.9921875
C-25229,119033.703125
C-15675,10939.2177734375
C-44144,28834.0078125
C-44632,44689.1171875
C-37088,18160.599609375
C-11250,72323.7265625
C-49021,22864.82421875
C-5896,69706.8203125
C-28340,26125.51953125
C-34285,5529.1806640625
C-43444,21455.7890625
C-33589,37386.2734375
C-36108,19940.8203125
C-44135,24064.654296875
C-48171,168168.296875
C-8113,46188.953125
C-31698,107702.9609375
C-24484,26876.421875
C-11572,63947.56640625
C-39293,75179.0234375
C-2248,38600.46484375
C-20153,11151.125
C-48743,21263.3046875
C-19337,36192.3671875
C-27313,12648.111328125
C-28482,33493.6796875
C-35567,38596.26171875
C-13300,15299.2158203125
C-6171,82129.1796875
C-24556,50950.73828125
C-19883,90626.1796875
C-9563,17592.30859375
C-32823,61183.921875
C-1910,15370.60546875
C-35090,69301.15625
C-48097,10913.1103515625
C-6984,112751.5390625
C-182,39607.84765625
C-2316,11021.9365234375
C-42718,15367.328125
C-9112,23796.00390625
C-40365,23500.451171875
C-21069,61598.05078125
C-2665,72551.1640625
C-15219,55595.9375
C-10253,36281.91796875
C-31847,60713.140625
C-29214,20165.341796875
C-44492,29706.44140625
C-32841,7008.634765625
C-224,22850.99609375
C-18112,68507.3828125
C-25751,79794.9296875
C-35173,19650.046875
C-39620,67799.4140625
C-22779,62939.2109375
C-443,19883.0546875
C-20137,9822.0380859375
C-10367,80907.5078125
C-44613,35526.5625
C-3410,10692.0048828125
C-426,46854.640625
C-19982,11410.6943359375
C-37942,62631.0
C-45864,12555.693359375
C-11922,46840.26171875
C-27679,20139.6640625
C-26526,78338.296875
C-24275,22446.1328125
C-26174,65501.453125
C-9165,27077.904296875
C-44495,30676.74609375
C-2043,36843.43359375
C-37739,58168.125
C-7170,88362.3671875
C-10799,18154.890625
C-6066,48923.93359375
C-28412,59908.4765625
C-33122,91161.046875
C-49388,69415.8359375
C-25639,64321.70703125
C-32699,47766.94140625
C-38886,62996.4296875
C-41412,225883.625
C-3887,24437.2421875
C-15877,90712.7890625
C-42716,38685.7109375
C-4541,45827.921875
C-9073,50344.640625
C-47512,76200.9609375
C-4177,155722.578125
C-31638,166194.875
C-21625,50197.8984375
C-7600,120226.3046875
C-33426,92081.1171875
C-43634,26356.83203125
C-48931,72134.640625
C-28355,11716.39453125
C-40816,77620.0234375
C-12265,41183.734375
C-49542,19160.236328125
C-19957,5624.5673828125
C-29721,14533.3818359375
C-43436,78213.625
C-27656,46548.78125
C-26996,72680.6953125
C-40570,43831.75
C-40784,54339.9765625
C-47254,76133.0078125
C-32799,59804.9453125
C-31093,17062.607421875
C-32162,38196.6328125
C-17735,22120.341796875
C-30945,91724.9765625
C-4314,23223.30859375
C-24932,50653.4296875
C-26147,24041.873046875
C-23777,10887.064453125
C-10632,14926.59765625
C-21897,70135.265625
C-31590,29347.986328125
C-34344,42470.734375
C-11027,16622.443359375
C-33172,9957.08203125
C-8550,7423.4287109375
C-49612,15177.8193359375
C-32386,32787.7265625
C-22419,9912.8642578125
C-42985,31481.41015625
C-18323,21077.546875
C-5756,11467.517578125
C-27908,56023.6953125
C-489,12158.57421875
C-16152,22953.2421875
C-19109,17668.6484375
C-32585,76294.9453125
C-47392,20817.7421875
C-26005,9120.0712890625
C-35216,38504.30078125
C-1769,11928.1962890625
C-35803,55573.15625
C-46333,24920.5
C-17368,74851.1640625
C-24329,56660.03125
C-939,58672.74609375
C-45839,48943.33203125
C-30493,79781.3046875
C-41999,29988.955078125
C-41838,75147.0703125
C-38612,51724.0
C-33132,51438.36328125
C-23206,24058.18359375
C-48077,18213.26171875
C-21978,62356.8203125
C-48307,23136.98046875
C-13840,72834.0546875
C-18286,15953.642578125
C-43956,102994.5703125
C-28720,12823.060546875
C-23558,14572.51953125
C-40561,7487.9638671875
C-12202,84516.2109375
C-764,19808.603515625
C-43182,71457.1953125
C-9638,48700.25390625
C-13639,16960.689453125
C-32830,22636.830078125
C-36699,129119.1796875
C-17186,114627.7890625
C-10839,68243.6640625
C-20515,22591.79296875
C-39749,20900.38671875
C-26179,34503.8125
C-12430,23143.48046875
C-49009,132640.75
C-37441,104341.015625
C-42414,21251.234375
C-24108,20897.951171875
C-28076,42325.8828125
C-49831,20967.48828125
C-27503,121076.2578125
C-4131,42489.484375
C-18235,82883.4609375
C-20907,72202.3828125
C-4623,124689.859375
C-37664,80556.9765625
C-17969,34199.859375
C-46530,26795.77734375
C-49504,41840.796875
C-16276,56167.6015625
C-46519,32672.46875
C-10593,64925.1484375
C-28271,27849.4453125
C-21668,32723.888671875
C-28659,60474.3203125
C-49258,70167.5234375
C-5034,93819.046875
C-36797,74189.140625
C-8733,135627.875
C-18587,56291.9921875
C-49149,33263.71484375
C-17114,47638.9375
C-28146,39871.890625
C-28831,28879.470703125
C-10844,30933.125
C-25592,98815.6640625
C-7509,61496.14453125
C-8060,62281.171875
C-42990,31312.005859375
C-12588,14616.6064453125
C-15715,102854.78125
C-24716,24177.66796875
C-44515,33776.43359375
C-20074,35764.875
C-40664,41814.09765625
C-8052,66615.3828125
C-20859,42034.18359375
C-40436,21313.697265625
C-26747,80477.140625
C-23673,43555.046875
C-14239,83226.46875
C-24167,46359.296875
C-17868,48017.70703125
C-35026,129211.65625
C-24497,60071.39453125
C-9037,53934.46875
C-41628,64067.53515625
C-35456,89319.5234375
C-40051,114338.1484375
C-23989,74976.1484375
C-11157,48998.0703125
C-13885,46215.421875
C-33611,32420.208984375
C-38826,41358.7265625
C-39694,74403.1328125
C-42352,77718.2265625
C-18506,97138.5390625
C-43450,42300.1484375
C-26268,166047.703125
C-41527,25964.1328125
C-798,115770.4140625
C-38452,16092.82421875
C-28997,88788.328125
C-27565,20422.365234375
C-12215,50666.1875
C-27163,20788.85546875
C-40228,13627.373046875
C-44783,22928.119140625
C-21866,6059.5390625
C-39190,18534.4140625
C-12495,48288.203125
C-44617,13925.5576171875
C-13532,35168.0859375
C-49461,37930.18359375
C-22362,55912.80078125
C-14902,117530.875
C-38634,23392.474609375
C-11731,18661.013671875
C-31376,10738.875
C-34215,31075.953125
C-12722,29008.32421875
C-48707,84263.90625
C-24458,47810.3125
C-19594,64962.05859375
C-47403,23303.4765625
C-10935,128809.5234375
C-32711,17282.927734375
C-8944,30857.4453125
C-37288,17272.70703125
C-14494,35333.38671875
C-5821,43101.5625
C-41343,90647.046875
C-6229,79825.8203125
C-37233,7502.5595703125
C-20583,39363.015625
C-42487,55585.5234375
C-31887,68725.9453125
C-30392,64327.9453125
C-47422,23570.345703125
C-48295,60717.87890625
C-1374,69532.6875
C-27088,36474.78125
C-45850,34140.24609375
C-33677,22286.015625
C-39958,21578.03125
C-9471,18226.3671875
C-33160,35602.85546875
C-35035,77995.671875
C-9347,20253.341796875
C-40179,6701.669921875
C-270,43159.7890625
C-20626,41532.0625
C-16937,68833.0234375
C-28952,111301.359375
C-19368,85547.2109375
C-29567,119432.3203125
C-24586,33880.6875
C-14571,72234.3984375
C-23833,51806.125
C-19523,33609.71484375
C-25420,14450.451171875
C-16817,24064.5625
C-17739,23114.001953125
C-36083,117931.21875
C-41332,10888.068359375
C-39916,56228.28125
C-13559,9950.5693359375
C-22791,17044.064453125
C-5738,36439.10546875
C-48271,140307.25
C-3703,93729.734375
C-16446,70312.3046875
C-25343,127767.75
C-36081,40871.6171875
C-19684,103203.75
C-40117,21911.5
C-17568,29100.96875
C-40083,28571.32421875
C-31097,18556.232421875
C-17997,62848.10546875
C-4349,106311.7578125
C-11302,56437.5234375
C-12494,34216.23828125
C-14289,47663.6796875
C-29587,44456.859375
C-10864,99785.5859375
C-11161,64217.21875
C-8727,59746.80078125
C-15070,45507.53515625
C-3096,93220.3046875
C-10393,35184.81640625
C-48576,37755.87890625
C-13558,75557.5234375
C-15909,28209.0625
C-5258,54876.890625
C-17044,26848.6328125
C-37471,30527.7421875
C-12241,49267.96875
C-350,122487.0703125
C-34397,25812.421875
C-23830,44500.63671875
C-42433,100434.4296875
C-5223,55197.921875
C-45056,8732.8515625
C-24765,4986.48583984375
C-35890,25962.40625
C-20672,24572.525390625
C-47722,35727.18359375
C-45356,17013.05078125
C-139,54586.17578125
C-26197,28757.529296875
C-37702,41054.86328125
C-11853,41416.40625
C-23083,60608.58203125
C-12944,150362.9375
C-37950,10097.404296875
C-17019,61368.9921875
C-40296,27899.634765625
C-10646,28101.490234375
C-48872,137896.3125
C-10071,69612.328125
C-27078,69430.125
C-40408,19618.232421875
C-41357,19977.341796875
C-34990,19358.931640625
C-7522,53623.3671875
C-42477,30999.96875
C-27154,17185.291015625
C-26489,53192.078125
C-7457,46100.8515625
C-46792,9869.517578125
C-41233,28660.171875
C-12682,16026.4814453125
C-49959,53167.0625
C-25598,20253.5234375
C-30676,30044.205078125
C-35938,52896.859375
C-10131,50387.8125
C-38174,80215.828125
C-34647,27222.8671875
C-3471,21355.6953125
C-22088,50331.828125
C-18676,98490.9765625
C-18262,47297.43359375
C-31143,142303.515625
C-46168,25536.9765625
C-34547,70343.625
C-30085,74330.84375
C-22264,38072.3203125
C-45435,16974.203125
C-26472,45346.10546875
C-32784,7954.5009765625
C-6992,17968.31640625
C-33569,6773.16162109375
C-40347,84076.546875
C-34190,21414.84375
C-7038,74763.3359375
C-24058,81413.3515625
C-48629,48607.71484375
C-15759,43881.6953125
C-42002,19452.76171875
C-32595,32514.650390625
C-28315,35804.52734375
C-39969,49096.46875
C-40092,133743.359375
C-48159,63238.22265625
C-31681,36188.09375
C-21879,30809.40625
C-20993,56571.109375
C-2481,124678.6171875
C-9535,23089.08203125
C-48344,53461.13671875
C-49369,78510.8359375
C-37807,57147.3828125
C-3362,19920.5546875
C-25496,154231.796875
C-10416,8107.6796875
C-4718,132830.53125
C-928,17915.578125
C-46942,46394.515625
C-20943,23290.08984375
C-5273,13646.271484375
C-36730,42006.9765625
C-47752,24263.328125
C-30607,25709.55859375
C-38742,17700.060546875
C-30570,20810.404296875
C-6797,61272.9921875
C-14997,36032.08984375
C-26776,37700.8046875
C-27342,38240.3359375
C-19174,101797.9375
C-48651,62329.8359375
C-44701,95521.8515625
C-47441,16478.529296875
C-48180,37525.984375
C-46601,85291.8203125
C-4305,19611.85546875
C-18400,70972.6484375
C-30171,198947.3125
C-304,103210.90625
C-6846,96431.1796875
C-14019,12844.009765625
C-11450,15056.421875
C-10856,23246.58203125
C-772,55335.5
C-46814,71414.3046875
C-32941,17304.41015625
C-26638,19305.6796875
C-36099,37994.4921875
C-43300,33618.04296875
C-24494,61139.49609375
C-36405,90832.4765625
C-5316,28052.125
C-8090,23242.263671875
C-23785,58672.94140625
C-30048,17223.296875
C-23999,35839.8046875
C-21246,11158.1005859375
C-24908,39709.31640625
C-41559,72255.0234375
C-26732,35051.64453125
C-34769,101373.7265625
C-38686,27538.12890625
C-7852,24771.4609375
C-6901,39883.01171875
C-19837,18327.314453125
C-37143,20792.51171875
C-40324,144594.328125
C-39679,35703.953125
C-17499,25564.068359375
C-22605,26410.1953125
C-2317,50304.49609375
C-284,15961.7587890625
C-40260,25414.8984375
C-5833,49836.7578125
C-24902,104711.8515625
C-31837,131495.0
C-18628,16932.705078125
C-2087,20060.2265625
C-10209,54186.203125
C-27057,56625.2421875
C-13896,25369.943359375
C-30394,7987.529296875
C-34428,56685.9296875
C-35583,34329.390625
C-21258,10669.3701171875
C-22305,84174.0390625
C-24291,26249.01171875
C-13503,27313.99609375
C-7013,41990.8125
C-31559,82970.34375
C-45937,37285.015625
C-43558,53682.75
C-23740,19130.869140625
C-39970,31463.224609375
C-29227,76800.484375
C-21379,30397.48046875
C-46120,50654.14453125
C-35858,85868.703125
C-42442,61730.046875
C-26851,40759.5078125
C-49036,19353.869140625
C-19622,38096.890625
C-48793,53980.24609375
C-6237,163002.8125
C-24305,68350.1953125
C-19328,16000.4208984375
C-17406,86167.2578125
C-26235,14568.126953125
C-17606,68438.8671875
C-47125,62971.40234375
C-40956,21554.537109375
C-24931,16311.15625
C-46311,81686.96875
C-7944,32917.9140625
C-35048,96569.8984375
C-27769,34565.734375
C-14641,23149.3125
C-31440,83120.9921875
C-35960,17642.34375
C-25575,10194.810546875
C-1182,57007.51171875
C-28654,74414.5625
C-37239,25363.95703125
C-41829,103757.8046875
C-15383,51409.703125
C-38711,55198.66796875
C-37629,21007.478515625
C-27543,19934.50390625
C-31344,15269.9599609375
C-21976,44131.2890625
C-33628,55133.1171875
C-47454,73335.296875
C-7997,64263.41015625
C-31159,79464.1015625
C-44590,44763.6171875
C-24014,48264.48046875
C-40662,110447.4609375
C-26384,36277.6171875
C-46472,60807.1796875
C-19741,72713.6640625
C-45481,36824.73828125
C-8702,32156.3359375
C-17322,59743.2109375
C-31561,22977.1171875
C-42227,48510.6953125
C-12732,59880.6328125
C-36082,14382.123046875
C-32911,109180.4921875
C-41254,68148.3046875
C-38434,14484.974609375
C-38703,68457.015625
C-48911,107686.234375
C-32904,42693.4609375
C-11919,99770.9140625
C-39652,56056.140625
C-47710,39901.1875
C-26709,52769.125
C-28825,165517.171875
C-11649,69710.5546875
C-17458,89473.6328125
C-2477,58089.671875
C-7620,22917.51953125
C-19853,25077.59375
C-42943,48933.3515625
C-40666,121453.484375
C-32186,82625.8203125
C-21125,20248.375
C-152,54627.2109375
C-6138,86125.0234375
C-48938,43582.5234375
C-3184,27624.140625
C-6717,15594.59765625
C-20874,109201.0546875
C-4716,44171.34375
C-10249,23670.849609375
C-26136,11388.720703125
C-31987,45354.87109375
C-19488,14951.693359375
C-48890,65348.734375
C-29133,85260.859375
C-516,60690.06640625
C-38193,50344.3515625
C-28613,21956.6796875
C-43191,19456.15234375
C-3253,62621.00390625
C-44858,98865.6796875
C-17233,26167.896484375
C-17429,21889.70703125
C-415,69310.6171875
C-9484,109616.0546875
C-48680,70666.3046875
C-42595,37449.140625
C-3275,116010.0703125
C-8291,34085.38671875
C-30451,38418.671875
C-49857,28833.447265625
C-28293,20527.43359375
C-34027,46772.9765625
C-30385,13381.048828125
C-25821,73281.609375
C-32290,18329.80078125
C-35653,27948.009765625
C-8615,96791.7109375
C-13137,20408.431640625
C-13038,51843.4609375
C-31230,25719.939453125
C-48940,73294.765625
C-14941,8789.8427734375
C-3148,11411.71875
C-7229,120028.3046875
C-47950,41125.9921875
C-28554,60820.984375
C-13847,15736.939453125
C-13694,55639.71875
C-7383,21075.0546875
C-24360,83939.34375
C-46949,22959.79296875
C-1329,29413.482421875
C-15612,27693.794921875
C-3738,36892.23828125
C-22025,38857.0703125
C-13859,53896.5234375
C-44588,11570.5703125
C-2385,119843.9765625
C-4187,59885.32421875
C-11900,58044.3046875
C-14351,27968.125
C-47548,36919.50390625
C-49781,49800.4296875
C-32332,47670.1875
C-18962,74565.609375
C-30792,80776.5078125
C-7429,99162.7265625
C-2586,27098.609375
C-46445,64525.49609375
C-4304,14920.669921875
C-37665,41014.6171875
C-25308,17012.455078125
C-21706,22892.12109375
C-19492,10763.453125
C-15341,54772.8203125
C-49893,37868.8828125
C-44400,15114.1240234375
C-31585,64202.546875
C-48683,7394.6328125
C-28993,67951.7734375
C-3582,26035.20703125
C-40249,15559.00390625
C-44979,7685.1552734375
C-23211,104169.2578125
C-3706,64298.96875
C-4787,20511.35546875
C-28799,75272.0625
C-1602,35474.57421875
C-36760,74685.2890625
C-11931,19936.283203125
C-2680,41095.78515625
C-5505,96608.9296875
C-24998,24817.623046875
C-325,34426.13671875
C-41376,84737.2109375
C-13446,58154.1953125
C-12345,37102.79296875
C-5791,16515.208984375
C-1847,68478.0390625
C-4853,27275.421875
C-42041,56195.0625
C-43936,63224.04296875
C-40806,82105.53125
C-12854,4782.8525390625
C-6494,14982.474609375
C-32636,25952.515625
C-43518,11871.337890625
C-6080,34897.83203125
C-246,18108.904296875
C-12921,35477.80859375
C-6549,43949.92578125
C-41075,18744.580078125
C-31510,15655.841796875
C-44196,43168.51953125
C-10403,55902.61328125
C-37759,33713.140625
C-40295,30941.70703125
C-18016,79924.2734375
C-40191,21209.068359375
C-6296,21747.80859375
C-21875,129592.046875
C-35201,72006.6640625
C-22613,63798.90234375
C-648,83478.9609375
C-3246,63933.5625
C-33674,72817.7890625
C-5413,34587.7890625
C-10976,30119.49609375
C-8425,19422.931640625
C-43500,62961.140625
C-27659,25019.119140625
C-21461,15262.91796875
C-40858,25241.935546875
C-38722,13908.8642578125
C-7982,20937.01171875
C-16385,17568.14453125
C-693,56806.703125
C-5131,30772.92578125
C-44625,25433.412109375
C-6757,91397.3046875
C-28132,47382.06640625
C-29658,38909.44140625
C-21006,25709.01171875
C-25074,50409.78125
C-6388,32576.37890625
C-4392,33638.375
C-47165,44788.515625
C-2837,56134.58203125
C-45888,16834.380859375
C-41089,19697.78125
C-47358,29182.099609375
C-5683,70150.4296875
C-33012,60452.8984375
C-5550,13460.837890625
C-29506,26980.53125
C-33421,23771.341796875
C-27824,8996.76171875
C-30068,10772.1455078125
C-26933,43712.4921875
C-44041,31731.84375
C-34265,23694.513671875
C-12726,63145.1875
C-42315,85745.6171875
C-17319,19989.5
C-23242,35665.55078125
C-31933,56309.6484375
C-43725,15380.73828125
C-16085,9838.302734375
C-40620,27730.796875
C-23407,38418.65625
C-22488,15727.2900390625
C-40412,13056.94921875
C-17223,6384.5419921875
C-8876,42036.0703125
C-39518,19329.359375
C-44953,97807.2578125
C-32189,19722.125
C-40186,27185.87109375
C-27715,107881.9140625
C-37537,28201.466796875
C-27448,114012.3046875
C-15438,69521.171875
C-4244,52457.28125
C-21733,20188.390625
C-48188,94378.390625
C-33615,46481.2890625
C-46304,21631.708984375
C-17164,36610.4609375
C-49760,57460.13671875
C-11826,66104.4921875
C-37572,67923.6484375
C-36121,102640.4140625
C-37990,35466.1015625
C-38575,39708.94140625
C-12761,31456.8359375
C-44782,70773.6796875
C-8318,30334.423828125
C-41339,20566.2890625
C-11906,8192.001953125
C-39368,40547.875
C-29518,31131.576171875
C-24363,15869.6328125
C-7770,40706.984375
C-22364,34872.84375
C-45979,46994.2578125
C-46943,40058.41015625
C-43934,20037.90625
C-10715,12253.498046875
C-5768,15402.48828125
C-6980,72878.1875
C-36647,17559.275390625
C-40145,21570.763671875
C-20091,113757.0390625
C-7594,20377.904296875
C-3154,34829.0859375
C-46438,24270.13671875
C-48834,44087.15625
C-13756,15918.294921875
C-6153,67913.6015625
C-14360,66416.7734375
C-31448,52453.3359375
C-31348,76394.5625
C-39909,132588.4375
C-16226,33872.5390625
C-355,18871.80078125
C-7778,43996.3125
C-37577,27123.01953125
C-9369,58551.234375
C-37280,67661.6328125
C-889,51984.68359375
C-21374,135187.828125
C-965,59463.63671875
C-32944,56309.9765625
C-40421,59012.7578125
C-17620,64022.796875
C-13704,13953.423828125
C-4213,26548.12109375
C-33466,103702.2578125
C-19105,92226.8046875
C-38420,51461.61328125
C-40202,43904.0625
C-42982,16790.64453125
C-37231,24345.556640625
C-42537,41460.1640625
C-30615,18876.849609375
C-21675,47697.50390625
C-8796,70427.9609375
C-19557,40383.0234375
C-3916,149643.609375
C-47847,54939.9375
C-41770,58357.8515625
C-15687,37672.52734375
C-40760,21403.115234375
C-11577,22418.888671875
C-37214,139090.328125
C-41171,155316.578125
C-19710,12649.640625
C-45328,20589.708984375
C-6,56768.6015625
C-23942,37985.23046875
C-44211,21113.21484375
C-10966,22668.3828125
C-940,97129.890625
C-16418,174282.703125
C-35867,22007.451171875
C-18233,109983.1171875
C-5653,44129.65625
C-6060,25270.46875
C-20812,31884.45703125
C-14575,31279.580078125
C-36422,12773.9677734375
C-30547,109286.453125
C-29166,45576.67578125
C-31246,31087.7265625
C-22112,10393.71875
C-5980,16398.802734375
C-30852,47198.16796875
C-42567,68558.21875
C-5380,28770.5390625
C-47501,142716.875
C-24299,161969.90625
C-7892,17209.3359375
C-16544,50369.109375
C-259,74779.3359375
C-21594,11842.166015625
C-47995,23988.60546875
C-32770,147416.765625
C-12101,84362.015625
C-19588,43835.8671875
C-20494,28149.478515625
C-39409,39624.203125
C-26410,62540.67578125
C-15732,12508.9921875
C-37384,35463.1640625
C-1772,95347.9921875
C-44169,81510.375
C-40307,13416.828125
C-18107,42073.6015625
C-27660,21802.919921875
C-49396,76485.03125
C-37218,42470.0234375
C-22617,47724.26171875
C-31523,20911.48828125
C-33043,26024.654296875
C-18439,62138.84375
C-35974,39047.6484375
C-7351,72562.1640625
C-15541,96698.109375
C-33630,22470.234375
C-28609,22520.5625
C-31531,16630.365234375
C-8819,15061.9462890625
C-25512,136470.703125
C-29218,54502.5546875
C-39077,45050.44140625
C-26213,12352.5751953125
C-45768,43812.8828125
C-29541,41967.77734375
C-19915,71890.4765625
C-14573,42819.57421875
C-40564,6831.2978515625
C-17169,23789.02734375
C-5622,19213.9453125
C-35652,12090.970703125
C-41197,29130.94140625
C-25791,36812.984375
C-29974,30087.84765625
C-3803,34385.3515625
C-29797,14643.408203125
C-30728,17870.666015625
C-22975,37647.1328125
C-21010,20475.80078125
C-33700,48094.5546875
C-30715,32653.150390625
C-42698,37139.4453125
C-23066,13730.216796875
C-22778,90100.3515625
C-23702,51370.40625
C-41390,10321.673828125
C-44285,48362.1171875
C-9696,54499.00390625
C-8499,14853.96875
C-29388,50102.14453125
C-14543,30574.103515625
C-7545,38906.33984375
C-9800,9981.8359375
C-30192,61680.38671875
C-30301,50833.84375
C-23981,53708.21875
C-3892,23178.046875
C-7946,75596.0703125
C-30095,7933.162109375
C-582,44653.37109375
C-39666,39177.515625
C-4192,44234.171875
C-24485,45781.6171875
C-28143,31651.2890625
C-16931,60263.7109375
C-42139,47562.8828125
C-1234,24426.63671875
C-24411,14015.888671875
C-42028,57584.46875
C-48172,39662.9609375
C-10648,64062.14453125
C-34148,80544.4453125
C-36117,8656.8056640625
C-16328,35558.97265625
C-3731,22178.173828125
C-1838,181663.984375
C-34873,23380.28515625
C-42904,18860.5859375
C-31632,25785.8046875
C-37560,68008.3046875
C-6732,26456.228515625
C-26440,36590.9609375
C-23111,117021.3828125
C-17646,19054.583984375
C-33621,48701.4140625
C-34787,118011.875
C-39023,18211.158203125
C-28277,73189.1328125
C-12563,79297.3203125
C-23441,26309.2734375
C-11669,109357.75
C-24457,114869.5546875
C-47326,10142.4794921875
C-2284,60796.80859375
C-36572,14402.8505859375
C-48081,9634.5859375
C-27842,84306.640625
C-47065,19205.7421875
C-2179,13165.240234375
C-39651,66114.71875
C-2431,22975.337890625
C-3040,15307.9580078125
C-39592,68880.0859375
C-39855,64055.08203125
C-40533,52380.0703125
C-25730,54334.55859375
C-36526,20263.08203125
C-46947,72743.890625
C-44678,54083.953125
C-27443,83875.46875
C-28124,36176.875
C-25290,43550.38671875
C-40623,72825.140625
C-39674,118933.734375
C-9893,143845.6875
C-40824,33759.734375
C-18879,21066.78125
C-14985,19762.970703125
C-20453,38395.984375
C-39268,41602.7578125
C-29997,11752.0634765625
C-27019,110307.9921875
C-1162,17818.615234375
C-38609,38171.640625
C-14610,29996.533203125
C-16043,75952.7890625
C-41053,17751.681640625
C-6179,15165.0068359375
C-37719,28688.220703125
C-22463,34568.1875
C-42891,19135.484375
C-39172,66469.1171875
C-27095,16694.390625
C-216,29196.0234375
C-16926,70103.6015625
C-27962,11016.90625
C-36470,83700.1875
C-47273,126787.921875
C-19843,116415.0234375
C-3431,102719.0390625
C-8815,22301.41015625
C-22553,20252.490234375
C-23869,55973.2109375
C-43256,22009.99609375
C-9337,71008.140625
C-33856,22650.9140625
C-20686,36915.9140625
C-28218,84394.5234375
C-43437,43984.1875
C-6524,25574.0234375
C-29399,110730.9921875
C-31233,73033.9296875
C-39497,48882.5546875
C-38204,20406.37890625
C-32226,68029.1328125
C-20775,52998.484375
C-1669,15225.046875
C-10417,21206.013671875
C-34296,23013.251953125
C-1384,22793.533203125
C-38772,40891.2421875
C-25323,99327.046875
C-46610,69989.3125
C-6675,26585.296875
C-37569,52585.3125
C-34742,24607.908203125
C-14089,96054.4453125
C-25969,125432.6484375
C-20558,73905.265625
C-43614,74789.4609375
C-45761,49519.2578125
C-49169,48292.50390625
C-12397,85549.3515625
C-24144,77462.0859375
C-44620,25242.80859375
C-35587,100637.0234375
C-5898,47527.5625
C-39292,72800.0390625
C-26686,37524.609375
C-45874,35352.66796875
C-16070,18152.828125
C-6248,59563.4609375
C-24004,51525.1484375
C-32570,44663.09375
C-13419,55964.0390625
C-11820,19744.029296875
C-35734,12144.953125
C-45339,41798.1484375
C-46335,88220.578125
C-36291,104958.5078125
C-9702,27668.19921875
C-44153,47909.91015625
C-5368,59031.64453125
C-3510,37548.95703125
C-17421,26266.423828125
C-9892,19637.341796875
C-11635,14990.9775390625
C-38352,59419.6875
C-31705,15106.654296875
C-27401,84766.2109375
C-17803,91911.7265625
C-12896,29735.1796875
C-35215,11587.73046875
C-21092,16618.734375
C-4726,32226.361328125
C-3456,63317.1875
C-31115,19407.08203125
C-33884,50484.6328125
C-10396,23712.74609375
C-30563,33570.54296875
C-30510,91013.5234375
C-5465,43001.734375
C-14412,129573.625
C-20060,51581.48046875
C-45648,44469.30859375
C-23787,23583.458984375
C-10216,30948.4140625
C-23077,33602.3046875
C-19824,81285.0234375
C-9469,56094.265625
C-3940,50897.60546875
C-36341,51262.3515625
C-30816,49172.9765625
C-23897,28371.30078125
C-20445,24130.0625
C-46704,152365.078125
C-26633,54837.05859375
C-10255,32905.3515625
C-40791,6065.5537109375
C-7099,38763.69140625
C-47711,70196.1484375
C-40477,46868.21484375
C-16965,27778.755859375
C-44318,68809.8046875
C-20083,87644.1171875
C-10929,31740.1640625
C-19942,52144.984375
C-35330,21013.650390625
C-15166,43994.2890625
C-21699,93597.1796875
C-28370,37065.53125
C-19595,35775.515625
C-35154,25546.015625
C-42500,30186.423828125
C-18187,42641.6171875
C-9087,148071.140625
C-38661,58997.5625
C-9225,77394.484375
C-14922,57984.6640625
C-14936,74295.96875
C-19169,84708.2109375
C-3935,57449.5625
C-25973,23113.642578125
C-2631,94199.8515625
C-46173,62139.6171875
C-16987,36795.8125
C-25355,45721.15625
C-5060,18162.10546875
C-44654,12417.9384765625
C-47076,8209.8017578125
C-32914,65800.703125
C-17017,23438.87890625
C-33157,38164.75390625
C-49416,14304.978515625
C-31982,66786.765625
C-22590,8502.361328125
C-28012,41850.515625
C-23268,719.4488525390625
C-32631,44354.35546875
C-34321,49048.0546875
C-38721,11604.8564453125
C-622,88129.4921875
C-31537,52800.796875
C-16360,27283.9765625
C-29398,37090.7734375
C-42775,46205.4921875
C-26508,139966.609375
C-6771,10130.166015625
C-27142,28931.65234375
C-16476,45341.78515625
C-10404,14146.7294921875
C-23285,50398.3828125
C-20843,51190.1484375
C-49817,78144.390625
C-17682,43324.59375
C-11939,35383.890625
C-4783,113053.578125
C-29468,45129.73828125
C-39703,8764.421875
C-29649,14201.9013671875
C-6583,47199.578125
C-22808,26002.15234375
C-30872,14114.6875
C-25183,44073.96875
C-8356,34684.97265625
C-34348,22886.072265625
C-19269,36170.0
C-23675,125733.6171875
C-45189,21952.80859375
C-27039,36554.49609375
C-10878,43029.70703125
C-46456,8607.6015625
C-6936,72415.7265625
C-33546,23321.904296875
C-2585,44991.9765625
C-33781,69087.203125
C-3029,59252.6640625
C-35602,88925.84375
C-2096,13793.5166015625
C-22760,38984.671875
C-33752,88795.4921875
C-46436,71595.9453125
C-23640,22754.14453125
C-44693,25129.69140625
C-25562,25342.77734375
C-38055,110205.3671875
C-19877,46223.9375
C-24357,44026.296875
C-29999,78446.4609375
C-18584,44941.88671875
C-7816,63417.8203125
C-41676,23431.650390625
C-34346,16080.2333984375
C-39434,102073.6015625
C-40003,83770.546875
C-6726,49624.0234375
C-24607,54791.859375
C-17571,34949.3984375
C-29768,23011.19140625
C-39538,18468.3984375
C-31846,92832.6640625
C-36304,17128.12109375
C-47307,93447.078125
C-18234,10929.78515625
C-49521,44495.625
C-22372,55138.41796875
C-31275,50698.1953125
C-36624,72730.3359375
C-33900,93346.9296875
C-5259,53636.359375
C-21382,107938.6640625
C-40992,6267.2392578125
C-40691,101653.1328125
C-28503,31790.91015625
C-38677,19299.48828125
C-49557,16729.896484375
C-17559,79480.6640625
C-26749,47188.6484375
C-32912,79499.5546875
C-49488,23334.259765625
C-22946,94140.265625
C-31377,11470.255859375
C-22763,11278.7998046875
C-35768,42013.87890625
C-21578,52014.90625
C-31040,39711.0546875
C-47137,23778.966796875
C-6169,43900.65625
C-38290,64612.7890625
C-23213,103801.8125
C-15210,115592.234375
C-3586,89139.203125
C-11692,72309.203125
C-38363,25691.015625
C-31645,24210.07421875
C-1373,164357.171875
C-3838,90010.5703125
C-20536,17832.56640625
C-14676,97769.6953125
C-36485,36793.0703125
C-32159,11019.31640625
C-37725,10674.2451171875
C-34299,40510.984375
C-49705,65200.828125
C-41361,25676.994140625
C-7747,14277.36328125
C-6977,79489.109375
C-37955,30416.46875
C-23424,23642.611328125
C-8135,43925.875
C-34952,83992.4609375
C-21813,44954.55859375
C-28027,87004.7578125
C-47213,18550.87890625
C-25342,48207.1953125
C-27255,85118.6484375
C-15507,41707.15625
C-37001,19976.513671875
C-17730,99008.7734375
C-11936,34345.9609375
C-19422,77043.1796875
C-30169,35227.640625
C-24657,84355.4765625
C-41819,17821.849609375
C-33087,35865.34375
C-24053,35132.98828125
C-36902,19766.21875
C-41000,41054.4453125
C-36796,117071.6171875
C-47463,18547.857421875
C-34058,9864.8486328125
C-43128,51304.36328125
C-48909,36602.703125
C-14560,47325.3203125
C-42870,14666.9892578125
C-9335,11062.416015625
C-21051,25710.75390625
C-2501,65590.7265625
C-14991,45058.01171875
C-49017,67560.5625
C-30743,37314.63671875
C-25931,41923.515625
C-15448,33731.453125
C-28260,102545.234375
C-40349,17960.11328125
C-13890,22066.423828125
C-37522,20678.9765625
C-25547,112618.4453125
C-40846,29444.6328125
C-18622,29199.638671875
C-45967,37407.8203125
C-47740,84102.078125
C-34111,85358.0234375
C-40452,20811.98828125
C-10230,95997.9453125
C-39114,42024.1484375
C-15955,18756.8359375
C-18772,33362.9609375
C-20003,77467.109375
C-495,23061.64453125
C-1715,126784.5
C-32779,26701.10546875
C-273,69493.3828125
C-42272,26095.5703125
C-41065,46178.55859375
C-33293,34896.00390625
C-5352,81027.0234375
C-41649,130551.6171875
C-33485,36467.93359375
C-20673,10552.888671875
C-22811,156020.546875
C-18384,39399.44140625
C-36442,4961.16943359375
C-46487,170898.703125
C-2679,47973.5078125
C-1552,133242.484375
C-26982,41976.6875
C-3131,23466.412109375
C-3387,23474.623046875
C-29612,13469.8427734375
C-15325,15337.197265625
C-8789,68351.4453125
C-40275,17134.42578125
C-26684,97932.4140625
C-28792,20964.6484375
C-14825,85286.3984375
C-39729,5419.34423828125
C-49839,92985.25
C-469,83064.6796875
C-13766,45659.34375
C-39001,79418.5859375
C-15352,80185.3828125
C-46322,44609.9921875
C-14031,122553.8203125
C-42816,182200.53125
C-48331,37018.97265625
C-4934,25357.0390625
C-47689,19335.423828125
C-1815,17805.490234375
C-23150,13225.482421875
C-34968,23897.865234375
C-13011,104287.6484375
C-14826,25091.474609375
C-14164,32975.1875
C-36533,74474.9140625
C-4912,77300.2578125
C-13777,51016.4375
C-49348,26466.134765625
C-40196,33145.4765625
C-20218,12597.3681640625
C-27929,102578.09375
C-46791,52950.03125
C-4483,41317.73828125
C-17323,32519.5234375
C-30383,43460.4921875
C-40869,15093.7802734375
C-32453,63821.7421875
C-2593,23791.7421875
C-29904,49673.296875
C-17773,57704.3984375
C-19953,41425.6875
C-1439,73501.3671875
C-15380,70863.28125
C-11069,36270.25390625
C-41851,55830.4453125
C-26363,68835.109375
C-35781,59094.39453125
C-28667,50499.4609375
C-32767,110151.375
C-37253,39390.93359375
C-43183,98211.6953125
C-8909,24377.74609375
C-9400,83415.796875
C-7402,21200.92578125
C-44868,72729.828125
C-26335,129519.0859375
C-27589,35817.6171875
C-17410,25495.876953125
C-40299,14621.33984375
C-38691,65108.55859375
C-6282,24380.69140625
C-33130,86322.890625
C-22017,98013.2734375
C-38929,73177.3671875
C-47610,75155.2890625
C-6120,20208.505859375
C-39320,71987.328125
C-48929,95247.8984375
C-34801,43296.44921875
C-48518,51598.91796875
C-10304,27596.77734375
C-23210,61308.71484375
C-12735,14273.4375
C-25611,4686.39306640625
C-9808,53828.21875
C-26737,7088.935546875
C-15116,42926.89453125
C-27321,42300.66015625
C-22314,13042.408203125
C-20965,36133.078125
C-27356,37007.453125
C-10077,129902.9765625
C-20951,17195.31640625
C-48442,17813.837890625
C-5566,82616.2890625
C-27339,35473.58984375
C-7872,43803.76171875
C-34629,88908.7578125
C-43806,14293.87109375
C-32679,151001.484375
C-39609,37125.1875
C-28814,18672.09765625
C-4366,30694.236328125
C-46797,39514.88671875
C-39045,19012.41796875
C-31046,28485.095703125
C-13944,74652.3125
C-21016,23810.38671875
C-44212,45228.140625
C-7796,27551.18359375
C-36488,16886.75
C-39500,40775.5078125
C-46132,26956.234375
C-35148,26836.015625
C-35748,22455.76171875
C-13674,124318.2578125
C-157,10718.498046875
C-42365,19963.28515625
C-1014,18712.734375
C-10644,92689.5625
C-39240,37571.3515625
C-35348,12665.904296875
C-31760,38698.31640625
C-42823,63694.96875
C-44307,28736.6484375
C-30769,24102.5625
C-6076,37675.4140625
C-5978,61673.90234375
C-30920,13424.0732421875
C-14181,70703.3203125
C-14471,39350.37109375
C-18665,70984.90625
C-22355,7016.00537109375
C-41344,57509.3984375
C-12888,98600.2421875
C-46380,73485.015625
C-17407,33458.17578125
C-8579,115301.546875
C-6979,93032.1640625
C-37171,21950.123046875
C-19913,41954.54296875
C-18925,27867.52734375
C-44031,53589.640625
C-48551,98434.453125
C-13175,76941.5859375
C-46230,16644.21484375
C-33550,25930.0
C-35638,93143.7421875
C-24325,35761.9296875
C-25032,93609.1953125
C-12683,25568.10546875
C-38529,89306.5859375
C-20705,15531.326171875
C-36776,44494.25
C-37896,23120.138671875
C-22893,143643.0
C-31932,38789.3828125
C-43433,27007.703125
C-32575,65111.4140625
C-32682,38594.125
C-15429,20370.24609375
C-44218,36989.53125
C-31317,17950.21484375
C-5215,86505.203125
C-33313,110821.8828125
C-44478,37305.8984375
C-47171,28387.841796875
C-16363,33748.9140625
C-17578,80247.65625
C-11090,56887.5546875
C-1346,22433.685546875
C-31536,40817.90625
C-49864,33535.80859375
C-8633,37611.7734375
C-18386,72111.6171875
C-11039,56370.140625
C-2429,39419.5625
C-16114,69683.84375
C-1639,51067.03125
C-42393,17483.138671875
C-46847,200958.046875
C-48499,54649.875
C-3034,79028.4921875
C-32531,65211.390625
C-2020,117398.7890625
C-3536,146166.703125
C-46778,72736.078125
C-24507,27310.064453125
C-20975,26439.6015625
C-49044,14618.6298828125
C-49935,29313.58203125
C-45026,15630.4052734375
C-47311,97142.1796875
C-31164,67260.7109375
C-41398,42259.91015625
C-29784,85843.328125
C-13216,26061.4765625
C-33177,42862.69921875
C-27700,74573.7421875
C-38949,80911.5390625
C-23519,23463.349609375
C-8355,14517.53125
C-26432,23704.46875
C-37220,8365.384765625
C-5663,59491.37890625
C-20778,112033.828125
C-47327,18169.005859375
C-27877,20129.34375
C-16228,55747.5
C-31333,96410.1015625
C-45981,84654.4296875
C-26050,27254.24609375
C-48605,14944.732421875
C-23159,39686.84765625
C-32206,103800.7421875
C-4645,79354.6953125
C-28954,43325.6953125
C-16313,16852.6796875
C-20253,28121.5546875
C-45408,22949.1328125
C-23133,60477.47265625
C-5851,55365.54296875
C-20380,27104.71484375
C-19934,24483.85546875
C-37032,110145.5390625
C-11636,45867.75
C-29295,23539.419921875
C-19128,27570.83984375
C-7076,65391.03125
C-29528,40081.81640625
C-28883,24428.150390625
C-24398,33103.4765625
C-29815,63252.8984375
C-19082,8774.0810546875
C-19417,100420.6640625
C-42793,26016.83984375
C-40849,38886.703125
C-27886,64918.4765625
C-14275,87855.1796875
C-46449,55064.80859375
C-47009,132269.078125
C-7890,22832.89453125
C-16069,56545.9609375
C-11817,25203.06640625
C-8196,64720.984375
C-9044,20228.390625
C-16448,143100.953125
C-28702,55582.43359375
C-44405,65403.578125
C-14803,41689.26953125
C-33046,6282.86083984375
C-10828,83778.7890625
C-13162,19425.8125
C-7273,32041.4921875
C-22815,40823.02734375
C-39219,68782.875
C-30742,41450.65625
C-32474,17729.7734375
C-31941,35930.640625
C-49556,68201.234375
C-8739,77315.984375
C-25740,46443.31640625
C-28649,19707.451171875
C-13018,161505.671875
C-42975,29844.529296875
C-9731,41085.5234375
C-10627,104594.6171875
C-5224,11433.3193359375
C-19466,45170.51171875
C-48075,23133.150390625
C-17988,22838.42578125
C-2851,42281.078125
C-31743,40402.05078125
C-32753,20583.814453125
C-38136,26746.86328125
C-37091,30112.046875
C-18585,16504.283203125
C-48299,46208.234375
C-30227,70066.6171875
C-33042,18527.912109375
C-35531,68029.5234375
C-34917,38612.53125
C-24611,84406.1796875
C-20744,34705.203125
C-28726,21739.26171875
C-16015,55698.546875
C-19496,44691.453125
C-21965,56980.734375
C-5108,38716.93359375
C-36781,15643.921875
C-11467,14243.9736328125
C-35487,84990.265625
C-23221,72852.046875
C-25999,121445.4453125
C-41292,37437.4765625
